customer_id,customer_name,gender,age,city,state
1,Ishwar Kothari,Male,25,Goa,Goa
2,Ganga Mutti,Female,47,Nagpur,Maharashtra
3,Unni Hayre,Female,46,Surat,Gujarat
4,Mohini Das,Female,53,Patna,Bihar
5,Vasatika Nazareth,Female,28,Goa,Goa
6,Falguni Amble,Female,34,Ahmedabad,Gujarat
7,Nachiket Bhargava,Male,58,Patna,Bihar
8,Zilmil Hora,Female,51,Surat,Gujarat
9,Darika Chaudhary,Female,33,Indore,Madhya Pradesh
10,Charvi Basu,Female,22,Ahmedabad,Gujarat
11,Panini Kumar,Female,35,Delhi,Delhi
12,Bhavani Gera,Female,52,Hyderabad,Telangana
13,Ishaan Thakur,Male,27,Nagpur,Maharashtra
14,Nakul Sawhney,Male,62,Chennai,Tamil Nadu
15,Ekalinga Sidhu,Male,31,Kolkata,West Bengal
16,Ayush Mangal,Male,44,Chennai,Tamil Nadu
17,Pavani Batra,Female,47,Jaipur,Rajasthan
18,Charvi Sani,Female,31,Pune,Maharashtra
19,Yahvi Mohan,Female,55,Chennai,Tamil Nadu
20,Wyatt Kumer,Male,54,Patna,Bihar
21,Vansha Srinivas,Female,18,Ahmedabad,Gujarat
22,Bishakha Nadig,Female,42,Bengaluru,Karnataka
23,Jyoti Raj,Female,65,Jaipur,Rajasthan
24,Balveer Prabhakar,Male,32,Ahmedabad,Gujarat
25,Rajata Wadhwa,Female,49,Chennai,Tamil Nadu
26,Bachittar Khurana,Male,39,Chennai,Tamil Nadu
27,Garima Mane,Female,28,Kolkata,West Bengal
28,Radhika Iyengar,Female,26,Goa,Goa
29,Krish Varughese,Male,43,Goa,Goa
30,Vedant Nagy,Male,59,Mumbai,Maharashtra
31,Eesha Iyengar,Female,47,Nagpur,Maharashtra
32,Charles Sachdeva,Male,34,Pune,Maharashtra
33,Dayita Shukla,Female,31,Hyderabad,Telangana
34,Suhani Saran,Female,39,Hyderabad,Telangana
35,Osha D’Alia,Female,44,Bengaluru,Karnataka
36,Mugdha Rau,Female,23,Patna,Bihar
37,Irya Dixit,Female,65,Pune,Maharashtra
38,Gavin Ahuja,Male,32,Hyderabad,Telangana
39,Yash Mohan,Male,59,Surat,Gujarat
40,Tanish Rege,Male,19,Surat,Gujarat
41,Advay Chowdhury,Male,19,Delhi,Delhi
42,Christopher Bose,Male,26,Delhi,Delhi
43,Jeevika Parikh,Female,25,Indore,Madhya Pradesh
44,Logan Verma,Male,62,Ahmedabad,Gujarat
45,Yutika Chadha,Female,41,Surat,Gujarat
46,Manthan Mutti,Male,56,Lucknow,Uttar Pradesh
47,Anthony Raman,Male,28,Surat,Gujarat
48,Charvi Mall,Female,55,Mumbai,Maharashtra
49,Nachiket Thaman,Male,37,Goa,Goa
50,Darika Dada,Female,63,Chennai,Tamil Nadu
51,Finn Golla,Male,55,Mumbai,Maharashtra
52,Balveer Tailor,Male,62,Mumbai,Maharashtra
53,Yashawini Chaudhary,Female,61,Patna,Bihar
54,Ansh Singhal,Male,54,Surat,Gujarat
55,Wridesh Nagy,Male,52,Hyderabad,Telangana
56,Libni Borah,Female,41,Indore,Madhya Pradesh
57,Girindra Desai,Male,59,Jaipur,Rajasthan
58,Forum Hari,Female,44,Pune,Maharashtra
59,Netra Kunda,Female,45,Mumbai,Maharashtra
60,Jeevika Vaidya,Female,47,Indore,Madhya Pradesh
61,Alexander Soni,Male,29,Chennai,Tamil Nadu
62,Brinda Bail,Female,52,Lucknow,Uttar Pradesh
63,Meera Shah,Female,45,Ahmedabad,Gujarat
64,Vinaya Gopal,Female,33,Hyderabad,Telangana
65,Advay Chaudhary,Male,46,Bengaluru,Karnataka
66,Rachit Samra,Male,47,Surat,Gujarat
67,Harinakshi Naik,Female,19,Hyderabad,Telangana
68,Indali Peri,Female,38,Patna,Bihar
69,Advik Kurian,Male,31,Ahmedabad,Gujarat
70,Unni Ganesan,Female,34,Surat,Gujarat
71,Advika Toor,Female,56,Bengaluru,Karnataka
72,Mekhala Mammen,Female,18,Jaipur,Rajasthan
73,Wriddhish Sachdeva,Male,33,Mumbai,Maharashtra
74,Aarini Ratta,Female,53,Ahmedabad,Gujarat
75,Thomas Krishna,Male,48,Kolkata,West Bengal
76,Xalak Magar,Female,19,Ahmedabad,Gujarat
77,Rohan Arora,Male,32,Bengaluru,Karnataka
78,Jagvi Kapoor,Female,33,Kolkata,West Bengal
79,Riya Narula,Female,55,Indore,Madhya Pradesh
80,Falguni Samra,Female,53,Ahmedabad,Gujarat
81,Darika Purohit,Female,65,Chennai,Tamil Nadu
82,Jyoti Deo,Female,62,Hyderabad,Telangana
83,Raksha Chadha,Female,37,Bengaluru,Karnataka
84,Nisha Master,Female,25,Delhi,Delhi
85,Wriddhish Konda,Male,25,Hyderabad,Telangana
86,Omkaar Chacko,Male,31,Delhi,Delhi
87,Baghyawati Gour,Female,64,Bengaluru,Karnataka
88,Sanya Sangha,Female,30,Mumbai,Maharashtra
89,Ati Mand,Female,41,Delhi,Delhi
90,Vihaan Borah,Male,18,Bengaluru,Karnataka
91,Ekalinga Bath,Male,20,Bengaluru,Karnataka
92,Andrew Choudhury,Male,36,Jaipur,Rajasthan
93,Ayaan Sathe,Male,49,Indore,Madhya Pradesh
94,Darsh Ramesh,Male,18,Patna,Bihar
95,Garima Kumar,Female,48,Ahmedabad,Gujarat
96,Kamala Madan,Female,29,Hyderabad,Telangana
97,Vincent Devan,Male,48,Bengaluru,Karnataka
98,Siddharth Kale,Male,22,Patna,Bihar
99,Gauri Kashyap,Female,22,Ahmedabad,Gujarat
100,Dakshesh Kapur,Male,27,Nagpur,Maharashtra
101,Inaya Sharma,Female,33,Mumbai,Maharashtra
102,Chaitanya Dani,Male,44,Jaipur,Rajasthan
103,Omkaar Gill,Male,51,Surat,Gujarat
104,Harini Chakraborty,Female,46,Ahmedabad,Gujarat
105,Yahvi Agrawal,Female,55,Patna,Bihar
106,Indira Nanda,Female,54,Bengaluru,Karnataka
107,Aadi Savant,Male,65,Lucknow,Uttar Pradesh
108,Vedant Arora,Male,31,Surat,Gujarat
109,Kalpit Chadha,Male,60,Bengaluru,Karnataka
110,Gautam Sant,Male,33,Nagpur,Maharashtra
111,Udarsh Sabharwal,Male,22,Jaipur,Rajasthan
112,Ikbal Vohra,Male,44,Pune,Maharashtra
113,Barkha Soni,Female,56,Kolkata,West Bengal
114,Janaki Borah,Female,20,Bengaluru,Karnataka
115,Pranav Sachar,Male,63,Bengaluru,Karnataka
116,Saanvi Mangal,Female,47,Kolkata,West Bengal
117,Kai Peri,Male,32,Indore,Madhya Pradesh
118,Netra Roy,Female,58,Surat,Gujarat
119,Ayaan Halder,Male,25,Chennai,Tamil Nadu
120,Chatresh Talwar,Male,27,Indore,Madhya Pradesh
121,Udyati Wali,Female,27,Patna,Bihar
122,Tristan Gokhale,Male,28,Pune,Maharashtra
123,Saanvi Sem,Female,65,Lucknow,Uttar Pradesh
124,Suhani Batta,Female,25,Ahmedabad,Gujarat
125,Chandani Dhingra,Female,37,Kolkata,West Bengal
126,Arunima Bhatti,Female,50,Bengaluru,Karnataka
127,Vasatika Thaker,Female,23,Ahmedabad,Gujarat
128,Jeet Thakkar,Male,45,Goa,Goa
129,Yasti Parmar,Female,34,Lucknow,Uttar Pradesh
130,Abhiram Ben,Male,32,Mumbai,Maharashtra
131,Harsh Zachariah,Male,61,Surat,Gujarat
132,Inaya Barman,Female,20,Lucknow,Uttar Pradesh
133,Jackson Mitter,Male,51,Ahmedabad,Gujarat
134,Leena Verma,Female,35,Goa,Goa
135,Harrison Ramachandran,Male,45,Lucknow,Uttar Pradesh
136,Aishani Karpe,Female,48,Mumbai,Maharashtra
137,Deepa Mann,Female,39,Chennai,Tamil Nadu
138,Ekta Sankar,Female,24,Indore,Madhya Pradesh
139,Daniel Dani,Male,44,Hyderabad,Telangana
140,Vanya Joshi,Female,60,Bengaluru,Karnataka
141,Hemal Dora,Female,53,Patna,Bihar
142,Banjeet Datta,Male,23,Ahmedabad,Gujarat
143,Mahika Ghosh,Female,38,Bengaluru,Karnataka
144,Hitesh Luthra,Male,43,Surat,Gujarat
145,Harsh Desai,Male,52,Indore,Madhya Pradesh
146,Bina Boase,Female,21,Chennai,Tamil Nadu
147,Vedant Narula,Male,41,Jaipur,Rajasthan
148,Upma Sawhney,Female,46,Indore,Madhya Pradesh
149,Dominic Oommen,Male,35,Delhi,Delhi
150,Vihaan Lata,Male,36,Goa,Goa
151,Krisha Aggarwal,Female,62,Goa,Goa
152,Omaja Dara,Female,19,Mumbai,Maharashtra
153,Aadi Johal,Male,28,Kolkata,West Bengal
154,Yashawini Kakar,Female,18,Jaipur,Rajasthan
155,Upadhriti Bhagat,Female,32,Mumbai,Maharashtra
156,Orinder Parmar,Male,25,Ahmedabad,Gujarat
157,Agastya Lalla,Male,63,Ahmedabad,Gujarat
158,Upasna Borde,Female,63,Jaipur,Rajasthan
159,Hema D’Alia,Female,48,Chennai,Tamil Nadu
160,Urishilla Cheema,Female,47,Delhi,Delhi
161,Chanakya Apte,Male,30,Chennai,Tamil Nadu
162,Bahadurjit Swamy,Male,22,Patna,Bihar
163,Ekantika Narain,Female,44,Surat,Gujarat
164,Shravya Sengupta,Female,50,Goa,Goa
165,Xiti Nagar,Female,18,Patna,Bihar
166,Avni Dass,Female,37,Kolkata,West Bengal
167,Vasana Shetty,Female,27,Patna,Bihar
168,Ekaja Bedi,Female,48,Jaipur,Rajasthan
169,Wishi Gour,Female,53,Hyderabad,Telangana
170,Anamika Kaul,Female,38,Ahmedabad,Gujarat
171,Rushil Sahota,Male,33,Kolkata,West Bengal
172,Pooja Kalita,Female,44,Delhi,Delhi
173,Chakradhar Panchal,Male,65,Hyderabad,Telangana
174,Widisha Khatri,Female,42,Kolkata,West Bengal
175,Ridhi Sachdev,Female,59,Indore,Madhya Pradesh
176,Balveer Baral,Male,20,Ahmedabad,Gujarat
177,Bakhshi Saxena,Male,55,Jaipur,Rajasthan
178,Idika Mitter,Female,24,Patna,Bihar
179,Manya Mand,Female,51,Mumbai,Maharashtra
180,Hiral Mane,Female,64,Pune,Maharashtra
181,Upkaar Ahluwalia,Male,59,Chennai,Tamil Nadu
182,Jatin Sankaran,Male,48,Mumbai,Maharashtra
183,Ladli Dara,Female,57,Hyderabad,Telangana
184,Manya Bhandari,Female,23,Indore,Madhya Pradesh
185,Yashodhara Dora,Female,61,Patna,Bihar
186,Yashoda Sawhney,Female,58,Hyderabad,Telangana
187,Zansi Kaul,Female,52,Patna,Bihar
188,Abdul Dhaliwal,Male,22,Lucknow,Uttar Pradesh
189,Azaan Comar,Male,61,Indore,Madhya Pradesh
190,Bhavya Chana,Female,65,Delhi,Delhi
191,Bachittar Issac,Male,24,Chennai,Tamil Nadu
192,Guneet Mani,Male,28,Ahmedabad,Gujarat
193,Vrishti Edwin,Female,19,Goa,Goa
194,Jason Nanda,Male,21,Hyderabad,Telangana
195,Tanvi Basu,Female,41,Hyderabad,Telangana
196,Siya Bose,Female,33,Nagpur,Maharashtra
197,Lajita Mistry,Female,61,Lucknow,Uttar Pradesh
198,Rayaan Sridhar,Male,29,Nagpur,Maharashtra
199,Isaac Ghosh,Male,42,Lucknow,Uttar Pradesh
200,Mitesh Basak,Male,55,Ahmedabad,Gujarat
201,Simon Singh,Male,47,Delhi,Delhi
202,Bhavini Upadhyay,Female,34,Ahmedabad,Gujarat
203,Manan Gupta,Male,47,Goa,Goa
204,Damyanti Halder,Female,52,Indore,Madhya Pradesh
205,Ethan Brar,Male,46,Mumbai,Maharashtra
206,Oeshi Korpal,Female,37,Lucknow,Uttar Pradesh
207,Pallavi Saini,Female,34,Kolkata,West Bengal
208,Inaya Samra,Female,37,Patna,Bihar
209,Lucky Chaudry,Male,48,Chennai,Tamil Nadu
210,Ojas Sangha,Male,42,Delhi,Delhi
211,Urvi Dar,Female,36,Lucknow,Uttar Pradesh
212,Ladli Singh,Female,60,Pune,Maharashtra
213,Vidhi Biswas,Female,18,Bengaluru,Karnataka
214,Zayan Dalal,Male,56,Goa,Goa
215,Nisha Lalla,Female,36,Patna,Bihar
216,Manbir Sarkar,Male,40,Lucknow,Uttar Pradesh
217,Falan Natarajan,Male,30,Indore,Madhya Pradesh
218,Vedika Thaker,Female,64,Indore,Madhya Pradesh
219,Alexander Amble,Male,24,Indore,Madhya Pradesh
220,Gopal Iyengar,Male,46,Bengaluru,Karnataka
221,Tarak Gaba,Male,41,Lucknow,Uttar Pradesh
222,Yug Kanda,Male,36,Mumbai,Maharashtra
223,Chandani Bhasin,Female,44,Kolkata,West Bengal
224,Wridesh Sarin,Male,26,Delhi,Delhi
225,Radhika Vig,Female,50,Jaipur,Rajasthan
226,Barkha Madan,Female,28,Patna,Bihar
227,Zaitra Sawhney,Female,48,Goa,Goa
228,Urvashi Garde,Female,39,Kolkata,West Bengal
229,Nachiket Sidhu,Male,22,Ahmedabad,Gujarat
230,Ronith Prabhakar,Male,32,Surat,Gujarat
231,Chaitaly Saha,Female,53,Patna,Bihar
232,Vinaya Panchal,Female,43,Mumbai,Maharashtra
233,Udarsh Andra,Male,52,Bengaluru,Karnataka
234,Gagan Gill,Male,41,Ahmedabad,Gujarat
235,Chandani Loke,Female,42,Lucknow,Uttar Pradesh
236,Mohini Cheema,Female,61,Mumbai,Maharashtra
237,Samarth Saini,Male,19,Ahmedabad,Gujarat
238,Ishita Dhar,Female,57,Goa,Goa
239,Darpan Dhawan,Male,22,Indore,Madhya Pradesh
240,Bhavini Karnik,Female,62,Goa,Goa
241,Gaurika Desai,Female,44,Indore,Madhya Pradesh
242,Amol Tandon,Male,20,Nagpur,Maharashtra
243,Mason Gola,Male,49,Bengaluru,Karnataka
244,Dominic Balay,Male,33,Mumbai,Maharashtra
245,Krish Deol,Male,47,Chennai,Tamil Nadu
246,Hemangini Divan,Female,65,Indore,Madhya Pradesh
247,Vansha Vala,Female,65,Lucknow,Uttar Pradesh
248,Ekapad Sen,Male,44,Goa,Goa
249,Bakhshi Date,Male,49,Patna,Bihar
250,Anita Borde,Female,20,Bengaluru,Karnataka
251,Triya Hegde,Female,46,Delhi,Delhi
252,Damini Verma,Female,41,Delhi,Delhi
253,Dalbir Seth,Male,41,Indore,Madhya Pradesh
254,Aarini Dewan,Female,43,Pune,Maharashtra
255,Omya Rajan,Female,25,Delhi,Delhi
256,Aarini Tank,Female,60,Mumbai,Maharashtra
257,Akshay Divan,Male,58,Indore,Madhya Pradesh
258,Shaurya Gupta,Male,39,Pune,Maharashtra
259,Chakradhar Mohanty,Male,54,Nagpur,Maharashtra
260,Hitesh Chadha,Male,53,Mumbai,Maharashtra
261,Advaith Magar,Male,31,Lucknow,Uttar Pradesh
262,Imaran Soni,Male,27,Hyderabad,Telangana
263,Parth Murthy,Male,27,Bengaluru,Karnataka
264,Aadi Oza,Male,34,Jaipur,Rajasthan
265,Caleb Nair,Male,60,Mumbai,Maharashtra
266,Jason Acharya,Male,18,Nagpur,Maharashtra
267,Chavvi Kar,Female,33,Surat,Gujarat
268,Falguni Gandhi,Female,29,Pune,Maharashtra
269,Sudiksha Bawa,Female,26,Pune,Maharashtra
270,Neelima Bansal,Female,25,Jaipur,Rajasthan
271,Shaurya Varughese,Male,46,Ahmedabad,Gujarat
272,Neha Chhabra,Female,55,Jaipur,Rajasthan
273,Nicholas Palla,Male,50,Ahmedabad,Gujarat
274,Ikbal Karpe,Male,20,Lucknow,Uttar Pradesh
275,Tanvi Gokhale,Female,59,Ahmedabad,Gujarat
276,Zashil Hans,Male,48,Pune,Maharashtra
277,Unnati Thakur,Female,61,Chennai,Tamil Nadu
278,Gopal Oak,Male,63,Ahmedabad,Gujarat
279,Krisha Bains,Female,23,Mumbai,Maharashtra
280,Indira Chakrabarti,Female,27,Lucknow,Uttar Pradesh
281,Madhav Goyal,Male,35,Nagpur,Maharashtra
282,Oni Lall,Female,56,Chennai,Tamil Nadu
283,Ojasvi Ranganathan,Female,50,Ahmedabad,Gujarat
284,Oni Deshmukh,Female,62,Mumbai,Maharashtra
285,Chaitanya Date,Male,59,Patna,Bihar
286,Ronith Shere,Male,46,Chennai,Tamil Nadu
287,Rayaan Varkey,Male,39,Chennai,Tamil Nadu
288,Eshana Jhaveri,Female,44,Chennai,Tamil Nadu
289,Ayaan Chad,Male,45,Hyderabad,Telangana
290,Chameli Buch,Female,34,Indore,Madhya Pradesh
291,Vaishnavi Keer,Female,61,Nagpur,Maharashtra
292,Yamini Lata,Female,23,Mumbai,Maharashtra
293,Onveer Ranganathan,Male,45,Mumbai,Maharashtra
294,Devansh Prasad,Male,65,Kolkata,West Bengal
295,Jeevika Sankar,Female,26,Surat,Gujarat
296,Imaran Sachdeva,Male,53,Lucknow,Uttar Pradesh
297,Gautami Korpal,Female,25,Indore,Madhya Pradesh
298,Abha Comar,Female,60,Hyderabad,Telangana
299,Omaja Golla,Female,64,Patna,Bihar
300,Chakradhar Sarna,Male,56,Bengaluru,Karnataka
301,Diya Chandran,Female,24,Hyderabad,Telangana
302,Fariq Sanghvi,Male,60,Nagpur,Maharashtra
303,Gaurangi Baral,Female,24,Delhi,Delhi
304,Madhavi Nagarajan,Female,53,Patna,Bihar
305,Raagini Andra,Female,35,Mumbai,Maharashtra
306,Aryan Chakrabarti,Male,45,Surat,Gujarat
307,Dakshesh Deol,Male,60,Lucknow,Uttar Pradesh
308,Damyanti Hayre,Female,29,Pune,Maharashtra
309,Niharika Kumer,Female,37,Kolkata,West Bengal
310,Ojasvi Shroff,Female,18,Hyderabad,Telangana
311,Samar Khatri,Male,27,Patna,Bihar
312,Yashasvi Garg,Female,27,Mumbai,Maharashtra
313,Umang Setty,Male,65,Mumbai,Maharashtra
314,Manbir Oza,Male,44,Chennai,Tamil Nadu
315,Eesha Madan,Female,28,Hyderabad,Telangana
316,Yashica Rama,Female,64,Bengaluru,Karnataka
317,Irya Hegde,Female,54,Surat,Gujarat
318,Avi Parikh,Male,21,Goa,Goa
319,Qarin Sami,Male,57,Nagpur,Maharashtra
320,Saksham Bedi,Male,23,Indore,Madhya Pradesh
321,Avni Sahota,Female,60,Ahmedabad,Gujarat
322,Chasmum Srivastava,Female,56,Ahmedabad,Gujarat
323,Sudiksha Basak,Female,35,Chennai,Tamil Nadu
324,Jagat Pandey,Male,50,Surat,Gujarat
325,Ekbal Raval,Male,45,Hyderabad,Telangana
326,Kalpit Raval,Male,61,Bengaluru,Karnataka
327,Jalsa Issac,Female,60,Jaipur,Rajasthan
328,Vedika Menon,Female,32,Pune,Maharashtra
329,Jasmit Zachariah,Female,21,Lucknow,Uttar Pradesh
330,Akshay Tella,Male,37,Delhi,Delhi
331,Reyansh Saran,Male,26,Surat,Gujarat
332,Ishani Shankar,Female,38,Bengaluru,Karnataka
333,Girindra Boase,Male,49,Pune,Maharashtra
334,Turvi Chaudhry,Female,26,Nagpur,Maharashtra
335,Ishanvi Dyal,Female,63,Jaipur,Rajasthan
336,Girish Yadav,Male,53,Jaipur,Rajasthan
337,Irya Bakshi,Female,43,Mumbai,Maharashtra
338,Nakul Char,Male,19,Chennai,Tamil Nadu
339,Jasmit Sandhu,Female,22,Goa,Goa
340,Nandini Kamdar,Female,45,Lucknow,Uttar Pradesh
341,Forum Wason,Female,58,Kolkata,West Bengal
342,Nitara Mani,Female,25,Bengaluru,Karnataka
343,Advika Deol,Female,38,Pune,Maharashtra
344,Gabriel Kumer,Male,57,Surat,Gujarat
345,Geetika Chowdhury,Female,62,Patna,Bihar
346,Ekta Krish,Female,45,Mumbai,Maharashtra
347,Harshil Bassi,Male,45,Delhi,Delhi
348,Ekaja Nagar,Female,23,Jaipur,Rajasthan
349,Yadavi Din,Female,37,Patna,Bihar
350,Tanmayi Mallick,Female,39,Delhi,Delhi
351,Amol Ramakrishnan,Male,50,Mumbai,Maharashtra
352,Vihaan Mahajan,Male,50,Jaipur,Rajasthan
353,Brijesh Panchal,Male,40,Goa,Goa
354,Aadhya Kulkarni,Female,59,Kolkata,West Bengal
355,Nathan Oza,Male,24,Delhi,Delhi
356,Logan Kara,Male,30,Bengaluru,Karnataka
357,Manbir Lata,Male,27,Lucknow,Uttar Pradesh
358,Sarthak Lad,Male,58,Nagpur,Maharashtra
359,Vrinda Deol,Female,54,Ahmedabad,Gujarat
360,Hema Dhar,Female,54,Indore,Madhya Pradesh
361,Jyoti Bandi,Female,58,Patna,Bihar
362,Madhavi Kulkarni,Female,46,Nagpur,Maharashtra
363,Utkarsh Narasimhan,Male,46,Ahmedabad,Gujarat
364,Ishanvi Jha,Female,35,Surat,Gujarat
365,Simon Khurana,Male,50,Hyderabad,Telangana
366,Vivaan Gara,Male,47,Bengaluru,Karnataka
367,Indali Sarin,Female,21,Pune,Maharashtra
368,Ubika Bal,Female,36,Patna,Bihar
369,Karan Buch,Male,23,Indore,Madhya Pradesh
370,Pavani Lall,Female,55,Ahmedabad,Gujarat
371,Zayan Kulkarni,Male,54,Ahmedabad,Gujarat
372,Qabil Parmar,Male,56,Hyderabad,Telangana
373,Chanchal Dhaliwal,Female,27,Jaipur,Rajasthan
374,Ikbal Dugar,Male,24,Ahmedabad,Gujarat
375,Damyanti Gill,Female,23,Kolkata,West Bengal
376,Matthew Jani,Male,33,Pune,Maharashtra
377,Raagini Bhat,Female,51,Ahmedabad,Gujarat
378,Ranveer Shetty,Male,41,Hyderabad,Telangana
379,Harini Dhingra,Female,44,Chennai,Tamil Nadu
380,Jyoti Sampath,Female,56,Indore,Madhya Pradesh
381,Shaurya Dave,Male,58,Surat,Gujarat
382,Charita Dave,Female,39,Mumbai,Maharashtra
383,Hritik Yohannan,Male,61,Jaipur,Rajasthan
384,Arya Sathe,Female,34,Bengaluru,Karnataka
385,Jeremiah Shetty,Male,23,Hyderabad,Telangana
386,Isaac Sura,Male,40,Goa,Goa
387,Hemangini Acharya,Female,62,Indore,Madhya Pradesh
388,Ria Karan,Female,56,Nagpur,Maharashtra
389,Harshil Suresh,Male,53,Bengaluru,Karnataka
390,Xalak Trivedi,Female,39,Indore,Madhya Pradesh
391,Ayaan Buch,Male,62,Indore,Madhya Pradesh
392,Zehaan Shere,Male,60,Indore,Madhya Pradesh
393,Jasmit Sandhu,Female,41,Jaipur,Rajasthan
394,Oliver Bir,Male,37,Hyderabad,Telangana
395,Ethan Kaur,Male,39,Delhi,Delhi
396,Anusha Babu,Female,32,Delhi,Delhi
397,Akshay Chada,Male,22,Nagpur,Maharashtra
398,Leela Gade,Female,24,Patna,Bihar
399,Falan Ramakrishnan,Male,39,Indore,Madhya Pradesh
400,Naveen Bhattacharyya,Male,42,Lucknow,Uttar Pradesh
401,Yash Mital,Male,29,Nagpur,Maharashtra
402,Chanakya Vasa,Male,46,Kolkata,West Bengal
403,Dakshesh Dass,Male,41,Chennai,Tamil Nadu
404,Dalbir Seth,Male,57,Ahmedabad,Gujarat
405,Urishilla Nadkarni,Female,65,Surat,Gujarat
406,Dayita Patla,Female,52,Delhi,Delhi
407,Omkaar Ramakrishnan,Male,48,Bengaluru,Karnataka
408,Balvan Dugar,Male,61,Hyderabad,Telangana
409,Jhalak Tara,Female,36,Ahmedabad,Gujarat
410,Arunima Narayanan,Female,51,Jaipur,Rajasthan
411,Tamanna Som,Female,30,Nagpur,Maharashtra
412,Amol Singhal,Male,34,Patna,Bihar
413,Samesh Behl,Male,48,Indore,Madhya Pradesh
414,Ishanvi Pal,Female,24,Jaipur,Rajasthan
415,Lucky Shetty,Male,23,Bengaluru,Karnataka
416,Advay Khalsa,Male,46,Bengaluru,Karnataka
417,Aarnav Sidhu,Male,45,Patna,Bihar
418,Darsh Pau,Male,32,Goa,Goa
419,Ira Swamy,Female,40,Goa,Goa
420,Onveer Radhakrishnan,Male,21,Chennai,Tamil Nadu
421,Jasmit Raju,Female,41,Jaipur,Rajasthan
422,Qasim Raval,Male,23,Chennai,Tamil Nadu
423,Mohini Kant,Female,19,Delhi,Delhi
424,Hamsini Wali,Female,24,Goa,Goa
425,Hiral Bhattacharyya,Female,27,Surat,Gujarat
426,Krishna Bahri,Male,36,Pune,Maharashtra
427,Lakshmi Thaker,Female,26,Kolkata,West Bengal
428,Rajata Chadha,Female,57,Ahmedabad,Gujarat
429,Rehaan Parmar,Male,23,Goa,Goa
430,Teerth Mukherjee,Male,31,Bengaluru,Karnataka
431,Onveer Master,Male,64,Jaipur,Rajasthan
432,Irya Palla,Female,36,Mumbai,Maharashtra
433,Alexander Bahl,Male,25,Bengaluru,Karnataka
434,Chatura Ahluwalia,Male,44,Delhi,Delhi
435,Omaja Narayanan,Female,25,Mumbai,Maharashtra
436,Widisha Issac,Female,52,Lucknow,Uttar Pradesh
437,Anay Borra,Male,50,Indore,Madhya Pradesh
438,Rachit Thakkar,Male,27,Kolkata,West Bengal
439,Inaya Mishra,Female,18,Chennai,Tamil Nadu
440,Urvi Kalla,Female,54,Delhi,Delhi
441,Deepa Raju,Female,60,Nagpur,Maharashtra
442,Wazir Kara,Male,41,Jaipur,Rajasthan
443,Timothy Soni,Male,52,Jaipur,Rajasthan
444,Oscar Nazareth,Male,48,Chennai,Tamil Nadu
445,Naveen Tak,Male,42,Indore,Madhya Pradesh
446,Hiral Radhakrishnan,Female,65,Bengaluru,Karnataka
447,Onveer Nigam,Male,22,Hyderabad,Telangana
448,Riya Mann,Female,64,Delhi,Delhi
449,Ayush Sankaran,Male,55,Surat,Gujarat
450,Chaitaly Varty,Female,20,Nagpur,Maharashtra
451,Ishani Guha,Female,39,Jaipur,Rajasthan
452,Devansh Gopal,Male,61,Patna,Bihar
453,Vamakshi Mohanty,Female,48,Kolkata,West Bengal
454,Simon Shan,Male,26,Surat,Gujarat
455,Kai Shan,Male,47,Kolkata,West Bengal
456,Kevin Rai,Male,30,Bengaluru,Karnataka
457,Ekapad Bora,Male,30,Surat,Gujarat
458,Advik Mitter,Male,37,Hyderabad,Telangana
459,Kamya Grover,Female,52,Patna,Bihar
460,Riya Pingle,Female,20,Bengaluru,Karnataka
461,Nachiket Chana,Male,40,Bengaluru,Karnataka
462,Wazir Rastogi,Male,59,Patna,Bihar
463,Pavani Karan,Female,25,Bengaluru,Karnataka
464,Nilima Swamy,Female,43,Chennai,Tamil Nadu
465,Dipta Krishna,Female,42,Goa,Goa
466,Charita Rama,Female,49,Nagpur,Maharashtra
467,Chaman Kashyap,Female,51,Hyderabad,Telangana
468,Krishna Kota,Female,23,Surat,Gujarat
469,Garima Anne,Female,45,Mumbai,Maharashtra
470,Zashil Mandal,Male,36,Jaipur,Rajasthan
471,Hamsini Basu,Female,23,Mumbai,Maharashtra
472,Januja Dar,Female,36,Indore,Madhya Pradesh
473,Anvi Natt,Female,56,Ahmedabad,Gujarat
474,Lajita Dugal,Female,62,Nagpur,Maharashtra
475,Neelima Salvi,Female,46,Hyderabad,Telangana
476,Anthony Nazareth,Male,40,Kolkata,West Bengal
477,Damyanti Hari,Female,58,Bengaluru,Karnataka
478,Abhiram Mahal,Male,60,Mumbai,Maharashtra
479,Urishilla Kuruvilla,Female,50,Hyderabad,Telangana
480,Aryan Sridhar,Male,27,Pune,Maharashtra
481,Aadhya Luthra,Female,26,Pune,Maharashtra
482,Vincent Bhalla,Male,59,Delhi,Delhi
483,Diya Bala,Female,42,Hyderabad,Telangana
484,Isaiah Dani,Male,27,Lucknow,Uttar Pradesh
485,Radha Salvi,Female,41,Hyderabad,Telangana
486,Chavvi Madan,Female,22,Surat,Gujarat
487,Tarak Bera,Male,41,Jaipur,Rajasthan
488,Unnati Warrior,Female,59,Hyderabad,Telangana
489,Anvi Bhalla,Female,25,Delhi,Delhi
490,Daniel Parekh,Male,29,Kolkata,West Bengal
491,Brinda Bansal,Female,42,Jaipur,Rajasthan
492,Hitesh Korpal,Male,34,Bengaluru,Karnataka
493,Oeshi Chander,Female,57,Delhi,Delhi
494,Omisha Singh,Female,49,Kolkata,West Bengal
495,Fiyaz Samra,Male,26,Mumbai,Maharashtra
496,Manthan Vyas,Male,29,Ahmedabad,Gujarat
497,Varsha Mahajan,Female,61,Mumbai,Maharashtra
498,Riya Hayer,Female,40,Indore,Madhya Pradesh
499,Advay Ahluwalia,Male,52,Jaipur,Rajasthan
500,Riya Savant,Female,37,Goa,Goa
501,Kai Issac,Male,63,Kolkata,West Bengal
502,Xavier Lata,Male,41,Surat,Gujarat
503,Luke Rama,Male,30,Mumbai,Maharashtra
504,Tanveer Buch,Male,49,Delhi,Delhi
505,Yagnesh Jha,Male,53,Hyderabad,Telangana
506,Warda Thakur,Female,53,Ahmedabad,Gujarat
507,Rayaan Korpal,Male,23,Lucknow,Uttar Pradesh
508,Wriddhish Bose,Male,43,Bengaluru,Karnataka
509,Qushi Dhar,Female,44,Jaipur,Rajasthan
510,Tara Sarin,Female,54,Patna,Bihar
511,Simon Dalal,Male,38,Nagpur,Maharashtra
512,Abhimanyu Lall,Male,47,Ahmedabad,Gujarat
513,Upma Narayanan,Female,53,Nagpur,Maharashtra
514,Noah Kota,Male,26,Surat,Gujarat
515,Ikshita Gupta,Female,21,Jaipur,Rajasthan
516,Balendra Murty,Male,27,Jaipur,Rajasthan
517,Ishita Ganguly,Female,28,Nagpur,Maharashtra
518,Ishanvi Nagy,Female,63,Goa,Goa
519,Thomas Dewan,Male,51,Hyderabad,Telangana
520,Maya Bava,Female,23,Patna,Bihar
521,Yahvi Bajwa,Female,58,Delhi,Delhi
522,Meghana Pandey,Female,58,Nagpur,Maharashtra
523,Lavanya Nath,Female,52,Lucknow,Uttar Pradesh
524,Zayyan Bose,Male,59,Jaipur,Rajasthan
525,Kiaan Arora,Male,55,Lucknow,Uttar Pradesh
526,Mason Hayer,Male,60,Nagpur,Maharashtra
527,Barkha Sem,Female,54,Patna,Bihar
528,Warjas Gopal,Male,19,Patna,Bihar
529,Yagnesh Grover,Male,59,Pune,Maharashtra
530,Hemani Nagy,Female,31,Indore,Madhya Pradesh
531,Wishi Som,Female,58,Lucknow,Uttar Pradesh
532,Parth Srivastava,Male,58,Ahmedabad,Gujarat
533,Ganga Mody,Female,37,Indore,Madhya Pradesh
534,Tanmayi Baral,Female,61,Delhi,Delhi
535,Devika Raju,Female,47,Bengaluru,Karnataka
536,Aryan Luthra,Male,21,Kolkata,West Bengal
537,Balveer Saxena,Male,44,Ahmedabad,Gujarat
538,Vidhi Jain,Female,31,Ahmedabad,Gujarat
539,Riya Ganesh,Female,27,Lucknow,Uttar Pradesh
540,Barkha Chad,Female,63,Patna,Bihar
541,Avni Zacharia,Female,40,Kolkata,West Bengal
542,Warhi De,Female,41,Nagpur,Maharashtra
543,Pranit Tiwari,Male,33,Hyderabad,Telangana
544,Ganga Khatri,Female,35,Mumbai,Maharashtra
545,Sara Rajagopalan,Female,27,Delhi,Delhi
546,Ekansh Kaur,Male,36,Pune,Maharashtra
547,Libni Sodhi,Female,57,Patna,Bihar
548,Sai Pandey,Female,28,Delhi,Delhi
549,Anjali Modi,Female,54,Goa,Goa
550,Waida Tella,Female,28,Delhi,Delhi
551,Krishna More,Female,47,Jaipur,Rajasthan
552,Vidhi Nagar,Female,37,Goa,Goa
553,Nandini Srinivas,Female,23,Pune,Maharashtra
554,Jeevika Madan,Female,47,Jaipur,Rajasthan
555,Tanay Khosla,Male,55,Delhi,Delhi
556,Adya Vora,Female,21,Pune,Maharashtra
557,Jhalak Venkatesh,Female,56,Ahmedabad,Gujarat
558,Brinda Dua,Female,52,Bengaluru,Karnataka
559,Ekaraj Sachdeva,Male,24,Patna,Bihar
560,Garima Kurian,Female,34,Nagpur,Maharashtra
561,Ganga Khosla,Female,43,Surat,Gujarat
562,Tripti Randhawa,Female,43,Pune,Maharashtra
563,Wriddhish Dhawan,Male,53,Lucknow,Uttar Pradesh
564,Lohit Vaidya,Male,53,Hyderabad,Telangana
565,Shravya Doshi,Female,42,Mumbai,Maharashtra
566,Ekantika Dixit,Female,53,Surat,Gujarat
567,Zinal Baria,Female,57,Patna,Bihar
568,Farhan Bajwa,Male,24,Nagpur,Maharashtra
569,Niharika Murty,Female,39,Hyderabad,Telangana
570,Ati Bobal,Female,27,Surat,Gujarat
571,Rudra Prashad,Male,50,Lucknow,Uttar Pradesh
572,Chanchal Kar,Female,20,Jaipur,Rajasthan
573,Gavin Pillay,Male,26,Pune,Maharashtra
574,Anusha Andra,Female,48,Surat,Gujarat
575,Hiral Raja,Female,56,Nagpur,Maharashtra
576,Frado Grover,Male,57,Hyderabad,Telangana
577,Panini Wable,Female,43,Nagpur,Maharashtra
578,Bhavani Kant,Female,39,Lucknow,Uttar Pradesh
579,Brinda Roy,Female,54,Kolkata,West Bengal
580,Ekani Bava,Female,19,Ahmedabad,Gujarat
581,Yutika Sharaf,Female,61,Hyderabad,Telangana
582,Daniel Yohannan,Male,55,Chennai,Tamil Nadu
583,Neelima Konda,Female,64,Surat,Gujarat
584,Pranit Sagar,Male,48,Lucknow,Uttar Pradesh
585,Ikshita Padmanabhan,Female,55,Indore,Madhya Pradesh
586,Tejas Rau,Male,21,Kolkata,West Bengal
587,Warhi Patel,Female,51,Nagpur,Maharashtra
588,Libni Verma,Female,61,Nagpur,Maharashtra
589,Gaurang Mannan,Male,54,Pune,Maharashtra
590,Bakhshi Hegde,Male,19,Delhi,Delhi
591,Edhitha Chand,Female,44,Hyderabad,Telangana
592,Nachiket Mann,Male,62,Chennai,Tamil Nadu
593,Madhav Subramanian,Male,50,Chennai,Tamil Nadu
594,Aradhana Bora,Female,65,Patna,Bihar
595,Yash Sastry,Male,26,Kolkata,West Bengal
596,Oscar Dhingra,Male,38,Jaipur,Rajasthan
597,Nidhi Roy,Female,42,Jaipur,Rajasthan
598,Eesha Karpe,Female,47,Nagpur,Maharashtra
599,Keya Rajan,Female,40,Jaipur,Rajasthan
600,Aarini Jain,Female,48,Lucknow,Uttar Pradesh
601,Sai Sani,Male,35,Delhi,Delhi
602,Tamanna Keer,Female,37,Delhi,Delhi
603,Meghana Chaudhuri,Female,31,Kolkata,West Bengal
604,Lopa Soni,Female,48,Hyderabad,Telangana
605,Urvashi Chopra,Female,64,Jaipur,Rajasthan
606,Advika Tak,Female,25,Bengaluru,Karnataka
607,Osha Mitra,Female,43,Goa,Goa
608,Omisha Hari,Female,27,Surat,Gujarat
609,Ishanvi Thaker,Female,36,Pune,Maharashtra
610,Orinder Prasad,Male,46,Hyderabad,Telangana
611,Triya Lata,Female,48,Kolkata,West Bengal
612,Reyansh Krishnamurthy,Male,52,Delhi,Delhi
613,Nikita Khosla,Female,53,Goa,Goa
614,Zilmil Amble,Female,24,Nagpur,Maharashtra
615,Henry Sheth,Male,21,Delhi,Delhi
616,William Peri,Male,32,Indore,Madhya Pradesh
617,Upkaar Vala,Male,44,Mumbai,Maharashtra
618,Lavanya Andra,Female,48,Kolkata,West Bengal
619,Baljiwan Sarma,Male,26,Indore,Madhya Pradesh
620,Ayaan Mukherjee,Male,28,Jaipur,Rajasthan
621,Aadhya Srinivas,Female,48,Indore,Madhya Pradesh
622,Turvi Pandit,Female,30,Indore,Madhya Pradesh
623,Alka Tandon,Female,36,Hyderabad,Telangana
624,Dev Yogi,Male,23,Goa,Goa
625,Mohammed Thaman,Male,65,Jaipur,Rajasthan
626,Wazir Ravel,Male,29,Goa,Goa
627,Xiti Borah,Female,29,Goa,Goa
628,Quincy Talwar,Male,43,Patna,Bihar
629,Watika Thakur,Female,65,Nagpur,Maharashtra
630,Geetika Ramaswamy,Female,20,Goa,Goa
631,Parth Pandey,Male,54,Bengaluru,Karnataka
632,Imaran Chadha,Male,39,Goa,Goa
633,Daksha Rau,Female,59,Ahmedabad,Gujarat
634,Upadhriti Dugal,Female,26,Goa,Goa
635,Damini Nigam,Female,30,Bengaluru,Karnataka
636,Ishwar Chander,Male,28,Hyderabad,Telangana
637,Kamya Nagy,Female,34,Indore,Madhya Pradesh
638,Daksh Gour,Male,65,Pune,Maharashtra
639,Darika Bumb,Female,36,Surat,Gujarat
640,Finn Goyal,Male,57,Nagpur,Maharashtra
641,Tamanna Pingle,Female,45,Patna,Bihar
642,Bhavani Loke,Female,43,Mumbai,Maharashtra
643,Warinder Shroff,Male,26,Nagpur,Maharashtra
644,Harita Chahal,Female,33,Hyderabad,Telangana
645,Qarin Choudhury,Male,42,Bengaluru,Karnataka
646,Luke Sen,Male,35,Ahmedabad,Gujarat
647,Meera Keer,Female,55,Bengaluru,Karnataka
648,Ranveer Sanghvi,Male,59,Bengaluru,Karnataka
649,Lila Dhaliwal,Female,33,Kolkata,West Bengal
650,Qasim Rana,Male,25,Indore,Madhya Pradesh
651,Ekta Kuruvilla,Female,28,Bengaluru,Karnataka
652,Ekantika Pal,Female,50,Indore,Madhya Pradesh
653,Lekha Keer,Female,25,Kolkata,West Bengal
654,Waida Jayaraman,Female,57,Hyderabad,Telangana
655,Gunbir Venkatesh,Male,26,Delhi,Delhi
656,Divya Kota,Female,47,Nagpur,Maharashtra
657,Irya Goyal,Female,62,Chennai,Tamil Nadu
658,Amrita Kanda,Female,52,Surat,Gujarat
659,Gavin Barad,Male,33,Surat,Gujarat
660,Daksh Sachdev,Male,46,Jaipur,Rajasthan
661,Warda Sridhar,Female,54,Mumbai,Maharashtra
662,Udant Bora,Male,53,Pune,Maharashtra
663,Mason Kala,Male,52,Lucknow,Uttar Pradesh
664,Ekansh Shenoy,Male,38,Nagpur,Maharashtra
665,Sara Bumb,Female,61,Mumbai,Maharashtra
666,Fitan Bora,Male,55,Kolkata,West Bengal
667,Varenya Kuruvilla,Female,50,Mumbai,Maharashtra
668,Ati Chauhan,Female,21,Surat,Gujarat
669,Hema Konda,Female,50,Nagpur,Maharashtra
670,Rachana Nagarajan,Female,54,Ahmedabad,Gujarat
671,Chakradev Sandhu,Male,47,Jaipur,Rajasthan
672,Vamakshi Mangal,Female,19,Kolkata,West Bengal
673,Chandani Keer,Female,18,Bengaluru,Karnataka
674,Chanakya Narayanan,Male,22,Lucknow,Uttar Pradesh
675,George Nagi,Male,40,Chennai,Tamil Nadu
676,Omkaar Mann,Male,21,Jaipur,Rajasthan
677,Shivansh Roy,Male,48,Goa,Goa
678,Orinder Prabhu,Male,44,Bengaluru,Karnataka
679,Ishaan Divan,Male,26,Surat,Gujarat
680,Amrita Saxena,Female,42,Hyderabad,Telangana
681,Sanya Chowdhury,Female,42,Patna,Bihar
682,Yashawini Yadav,Female,61,Mumbai,Maharashtra
683,Laksh Yogi,Male,40,Indore,Madhya Pradesh
684,Zayan Char,Male,52,Nagpur,Maharashtra
685,Nandini Narain,Female,26,Jaipur,Rajasthan
686,Aditya Mody,Male,18,Patna,Bihar
687,Arjun Bobal,Male,47,Bengaluru,Karnataka
688,Yasti Sastry,Female,42,Jaipur,Rajasthan
689,Udant Balay,Male,47,Delhi,Delhi
690,Charita More,Female,35,Nagpur,Maharashtra
691,Matthew Krish,Male,64,Goa,Goa
692,Simon Pillai,Male,60,Pune,Maharashtra
693,Vaishnavi Jayaraman,Female,19,Lucknow,Uttar Pradesh
694,Ranbir Dube,Male,22,Delhi,Delhi
695,Ekaraj Madan,Male,20,Lucknow,Uttar Pradesh
696,Waida Reddy,Female,61,Lucknow,Uttar Pradesh
697,Yagnesh Chandra,Male,65,Delhi,Delhi
698,Jeet Majumdar,Male,46,Chennai,Tamil Nadu
699,Lucky Das,Male,31,Jaipur,Rajasthan
700,Tanay Chada,Male,50,Nagpur,Maharashtra
701,Sneha Aurora,Female,64,Delhi,Delhi
702,Kavya Khalsa,Female,56,Lucknow,Uttar Pradesh
703,Vasudha Ghose,Female,37,Delhi,Delhi
704,Jackson Buch,Male,51,Indore,Madhya Pradesh
705,Rishi Ravel,Male,37,Chennai,Tamil Nadu
706,Lavanya Pandit,Female,53,Pune,Maharashtra
707,Advaith Mutti,Male,61,Indore,Madhya Pradesh
708,Adya Setty,Female,49,Jaipur,Rajasthan
709,Simon Mand,Male,59,Hyderabad,Telangana
710,Yashasvi Contractor,Female,51,Surat,Gujarat
711,Sanaya Pillay,Female,44,Kolkata,West Bengal
712,Ekaja Bhatnagar,Female,37,Nagpur,Maharashtra
713,Vidhi Trivedi,Female,52,Nagpur,Maharashtra
714,Kritika Subramanian,Female,32,Delhi,Delhi
715,Sara Seshadri,Female,63,Patna,Bihar
716,Siddharth Shanker,Male,47,Surat,Gujarat
717,Gaurav Guha,Male,44,Jaipur,Rajasthan
718,Bina Tailor,Female,51,Jaipur,Rajasthan
719,Banjeet Ramachandran,Male,33,Chennai,Tamil Nadu
720,Udyati Dugal,Female,39,Delhi,Delhi
721,Nicholas Chakrabarti,Male,46,Goa,Goa
722,Zarna Sachar,Female,52,Mumbai,Maharashtra
723,Qasim Rajagopalan,Male,35,Pune,Maharashtra
724,Nitara Shroff,Female,56,Indore,Madhya Pradesh
725,Kai Madan,Male,22,Patna,Bihar
726,Henry Bhatt,Male,55,Surat,Gujarat
727,Ayushman Dewan,Male,31,Ahmedabad,Gujarat
728,Tanvi Patla,Female,18,Bengaluru,Karnataka
729,Quincy Chowdhury,Male,30,Goa,Goa
730,Aarush Kota,Male,48,Kolkata,West Bengal
731,Onveer Dugal,Male,56,Kolkata,West Bengal
732,Upkaar Maharaj,Male,33,Chennai,Tamil Nadu
733,Divya Comar,Female,36,Surat,Gujarat
734,Bishakha Oza,Female,52,Ahmedabad,Gujarat
735,Turvi Acharya,Female,34,Bengaluru,Karnataka
736,Aradhana Kumar,Female,49,Jaipur,Rajasthan
737,Bishakha Hora,Female,64,Mumbai,Maharashtra
738,Yasti Mannan,Female,38,Surat,Gujarat
739,Balveer Sankaran,Male,38,Hyderabad,Telangana
740,Lavanya Jani,Female,54,Pune,Maharashtra
741,Manthan Nori,Male,27,Kolkata,West Bengal
742,Christopher Wable,Male,53,Bengaluru,Karnataka
743,Ishanvi Batta,Female,27,Bengaluru,Karnataka
744,Manthan Prashad,Male,32,Hyderabad,Telangana
745,Anvi Subramanian,Female,33,Lucknow,Uttar Pradesh
746,Chaaya Khalsa,Female,59,Jaipur,Rajasthan
747,Rajata Nayar,Female,49,Bengaluru,Karnataka
748,Brinda Doshi,Female,28,Ahmedabad,Gujarat
749,Charita Mann,Female,26,Nagpur,Maharashtra
750,Sai Tella,Female,52,Nagpur,Maharashtra
751,Abhiram Bali,Male,20,Jaipur,Rajasthan
752,Umang Rattan,Male,60,Patna,Bihar
753,Aarav Kata,Male,18,Surat,Gujarat
754,Kritika Kaul,Female,58,Nagpur,Maharashtra
755,Fiyaz Amble,Male,63,Mumbai,Maharashtra
756,Isaac Chauhan,Male,31,Pune,Maharashtra
757,Gautami Sule,Female,21,Hyderabad,Telangana
758,Omaja Kashyap,Female,49,Indore,Madhya Pradesh
759,Amol Gara,Male,52,Pune,Maharashtra
760,Madhavi Mani,Female,19,Pune,Maharashtra
761,Yashvi Ratta,Female,36,Jaipur,Rajasthan
762,Manthan Chana,Male,62,Jaipur,Rajasthan
763,Nidhi Nanda,Female,29,Surat,Gujarat
764,Advik Boase,Male,24,Goa,Goa
765,Jatin Sheth,Male,30,Delhi,Delhi
766,Leela Sibal,Female,40,Patna,Bihar
767,Tanvi Vohra,Female,43,Surat,Gujarat
768,Bahadurjit Bumb,Male,43,Hyderabad,Telangana
769,Riya Cheema,Female,33,Lucknow,Uttar Pradesh
770,Ikbal Goel,Male,61,Bengaluru,Karnataka
771,Ekansh Magar,Male,59,Indore,Madhya Pradesh
772,Pranav Iyengar,Male,43,Mumbai,Maharashtra
773,Aachal Bedi,Female,53,Chennai,Tamil Nadu
774,Jeevika Saran,Female,58,Pune,Maharashtra
775,Hritik Sandal,Male,28,Kolkata,West Bengal
776,Dhruv Zachariah,Male,45,Ahmedabad,Gujarat
777,Sanya Lalla,Female,24,Lucknow,Uttar Pradesh
778,Aarnav Kant,Male,31,Delhi,Delhi
779,Yadavi Goel,Female,20,Bengaluru,Karnataka
780,Nachiket Khosla,Male,35,Indore,Madhya Pradesh
781,Faris Mital,Male,38,Nagpur,Maharashtra
782,Tejas Verma,Male,55,Delhi,Delhi
783,Zashil Trivedi,Male,63,Surat,Gujarat
784,Bishakha Rastogi,Female,22,Goa,Goa
785,Deepa Dugal,Female,54,Nagpur,Maharashtra
786,Christopher Verma,Male,42,Lucknow,Uttar Pradesh
787,Arya Batta,Female,65,Chennai,Tamil Nadu
788,Nakul Kota,Male,62,Surat,Gujarat
789,Aarush Doshi,Male,65,Jaipur,Rajasthan
790,Amruta Barman,Female,24,Pune,Maharashtra
791,Osha Merchant,Female,22,Delhi,Delhi
792,Aarini More,Female,57,Lucknow,Uttar Pradesh
793,Varenya Bail,Female,38,Surat,Gujarat
794,Logan Sharma,Male,35,Indore,Madhya Pradesh
795,Januja Dara,Female,32,Ahmedabad,Gujarat
796,Devika Narayan,Female,42,Jaipur,Rajasthan
797,Chandani Bajaj,Female,61,Nagpur,Maharashtra
798,Nisha Chander,Female,57,Mumbai,Maharashtra
799,Bhavani Borra,Female,33,Surat,Gujarat
800,Abhiram Narain,Male,35,Mumbai,Maharashtra
801,Tejas Chahal,Male,63,Chennai,Tamil Nadu
802,Girish Parikh,Male,42,Kolkata,West Bengal
803,Anika Madan,Female,24,Hyderabad,Telangana
804,Peter Shenoy,Male,37,Pune,Maharashtra
805,Tara Deol,Female,35,Hyderabad,Telangana
806,Jai Johal,Male,23,Nagpur,Maharashtra
807,Fitan Date,Male,46,Chennai,Tamil Nadu
808,Abha Walla,Female,19,Mumbai,Maharashtra
809,Aarnav Bains,Male,53,Hyderabad,Telangana
810,Nachiket Bera,Male,56,Lucknow,Uttar Pradesh
811,Chandani Hora,Female,42,Patna,Bihar
812,Joshua Narayan,Male,44,Bengaluru,Karnataka
813,Vanya Sani,Female,23,Surat,Gujarat
814,Laksh Sinha,Male,51,Lucknow,Uttar Pradesh
815,Balvan Mangal,Male,42,Indore,Madhya Pradesh
816,Logan Sura,Male,35,Nagpur,Maharashtra
817,Anamika Ramaswamy,Female,49,Bengaluru,Karnataka
818,Zashil Raval,Male,28,Mumbai,Maharashtra
819,Yamini Kar,Female,44,Bengaluru,Karnataka
820,Dayamai Wali,Female,22,Ahmedabad,Gujarat
821,Zansi Agate,Female,33,Bengaluru,Karnataka
822,Barkha Varty,Female,57,Lucknow,Uttar Pradesh
823,Ishwar Raman,Male,24,Ahmedabad,Gujarat
824,Vihaan Ganesan,Male,18,Bengaluru,Karnataka
825,Bimala Chokshi,Female,57,Hyderabad,Telangana
826,Meera Warrior,Female,39,Surat,Gujarat
827,Bhavna Varty,Female,45,Hyderabad,Telangana
828,Gabriel Sridhar,Male,38,Bengaluru,Karnataka
829,Baljiwan Raju,Male,38,Ahmedabad,Gujarat
830,Warinder Ratta,Male,38,Chennai,Tamil Nadu
831,Dalaja Chawla,Female,62,Kolkata,West Bengal
832,Tanvi Narayanan,Female,33,Lucknow,Uttar Pradesh
833,Omya Raja,Female,35,Chennai,Tamil Nadu
834,Sanya Basak,Female,25,Hyderabad,Telangana
835,Chandresh Vala,Male,52,Lucknow,Uttar Pradesh
836,Benjamin Nori,Male,53,Indore,Madhya Pradesh
837,Tanay Dhillon,Male,47,Kolkata,West Bengal
838,Harish Lala,Male,36,Ahmedabad,Gujarat
839,Victor Ramanathan,Male,44,Patna,Bihar
840,Mitali Banerjee,Female,58,Nagpur,Maharashtra
841,Vritti Bassi,Female,34,Delhi,Delhi
842,Onkar Oak,Male,45,Kolkata,West Bengal
843,Hemal Biswas,Female,46,Mumbai,Maharashtra
844,Urvashi Jaggi,Female,43,Lucknow,Uttar Pradesh
845,Janya Sur,Female,20,Jaipur,Rajasthan
846,Darika Kulkarni,Female,52,Kolkata,West Bengal
847,Tarak Bhargava,Male,33,Mumbai,Maharashtra
848,Oeshi Basu,Female,59,Nagpur,Maharashtra
849,Anay Sarna,Male,59,Lucknow,Uttar Pradesh
850,Meera Kibe,Female,39,Surat,Gujarat
851,Hema Varughese,Female,18,Mumbai,Maharashtra
852,Reyansh Saini,Male,32,Bengaluru,Karnataka
853,Zehaan Hayer,Male,41,Ahmedabad,Gujarat
854,Chaman Ghose,Female,61,Ahmedabad,Gujarat
855,Aadi Dutta,Male,19,Hyderabad,Telangana
856,Jhalak Nayak,Female,36,Mumbai,Maharashtra
857,Zarna Sridhar,Female,23,Goa,Goa
858,Mason Konda,Male,64,Patna,Bihar
859,Onveer Gole,Male,37,Hyderabad,Telangana
860,Tanvi Bhattacharyya,Female,31,Ahmedabad,Gujarat
861,Ekani Yadav,Female,48,Hyderabad,Telangana
862,Peter Rau,Male,64,Ahmedabad,Gujarat
863,Chanchal Bhatnagar,Female,22,Hyderabad,Telangana
864,Falak Borra,Female,63,Pune,Maharashtra
865,Daksh Mallick,Male,39,Pune,Maharashtra
866,Vedant Badami,Male,28,Indore,Madhya Pradesh
867,Dominic Bhatnagar,Male,29,Jaipur,Rajasthan
868,Mohammed Jaggi,Male,53,Hyderabad,Telangana
869,Vedika Palla,Female,32,Ahmedabad,Gujarat
870,Omya Mody,Female,29,Indore,Madhya Pradesh
871,Champak Goswami,Male,60,Indore,Madhya Pradesh
872,Osha Chauhan,Female,19,Chennai,Tamil Nadu
873,Manan Kota,Male,55,Ahmedabad,Gujarat
874,Falak Edwin,Female,18,Chennai,Tamil Nadu
875,Peter Thaker,Male,35,Delhi,Delhi
876,Christopher Sethi,Male,24,Lucknow,Uttar Pradesh
877,Samar Chopra,Male,38,Hyderabad,Telangana
878,Yatin Dhawan,Male,25,Ahmedabad,Gujarat
879,Hemal Madan,Female,49,Indore,Madhya Pradesh
880,Vidhi Mani,Female,42,Lucknow,Uttar Pradesh
881,Vasudha Roy,Female,25,Lucknow,Uttar Pradesh
882,Ishani Natarajan,Female,47,Hyderabad,Telangana
883,Nitesh Halder,Male,61,Patna,Bihar
884,Pallavi Ghosh,Female,57,Goa,Goa
885,Benjamin Gokhale,Male,26,Indore,Madhya Pradesh
886,Anjali Morar,Female,33,Mumbai,Maharashtra
887,Kamya Khanna,Female,29,Mumbai,Maharashtra
888,Amaira Sharma,Female,27,Kolkata,West Bengal
889,Chavvi Nadig,Female,56,Chennai,Tamil Nadu
890,Jatin Saran,Male,42,Lucknow,Uttar Pradesh
891,Ishani Choudhury,Female,49,Nagpur,Maharashtra
892,Tanveer Mani,Male,28,Jaipur,Rajasthan
893,Maya Gopal,Female,26,Bengaluru,Karnataka
894,Chatura Bera,Male,46,Hyderabad,Telangana
895,Ayush Bassi,Male,40,Patna,Bihar
896,Laban Shetty,Male,26,Ahmedabad,Gujarat
897,Vihaan Bandi,Male,42,Patna,Bihar
898,Lipika Mall,Female,61,Chennai,Tamil Nadu
899,Nirja Sengupta,Female,63,Chennai,Tamil Nadu
900,Niharika Hans,Female,28,Ahmedabad,Gujarat
901,Jai Chakrabarti,Male,19,Lucknow,Uttar Pradesh
902,Jonathan Patla,Male,20,Bengaluru,Karnataka
903,Janani Jaggi,Female,52,Delhi,Delhi
904,Krisha Trivedi,Female,47,Nagpur,Maharashtra
905,Pahal Krish,Female,50,Jaipur,Rajasthan
906,Reyansh Warrior,Male,25,Lucknow,Uttar Pradesh
907,Nisha Rana,Female,52,Surat,Gujarat
908,Libni Brar,Female,20,Jaipur,Rajasthan
909,Omaja Boase,Female,31,Jaipur,Rajasthan
910,Vinaya Bose,Female,65,Mumbai,Maharashtra
911,Jason Narayan,Male,20,Bengaluru,Karnataka
912,Suhani Khare,Female,40,Bengaluru,Karnataka
913,Aryan Dhar,Male,25,Ahmedabad,Gujarat
914,Siddharth Dhar,Male,65,Delhi,Delhi
915,Neelima Hegde,Female,63,Patna,Bihar
916,Kritika Sankaran,Female,57,Nagpur,Maharashtra
917,Samuel Mukhopadhyay,Male,31,Surat,Gujarat
918,Ronith Mani,Male,21,Surat,Gujarat
919,Lipika Doshi,Female,35,Jaipur,Rajasthan
920,Daniel Murthy,Male,63,Hyderabad,Telangana
921,Gauri Deo,Female,54,Bengaluru,Karnataka
922,Hemangini Rana,Female,50,Patna,Bihar
923,Thomas Kapoor,Male,44,Nagpur,Maharashtra
924,Madhav Ravi,Male,59,Bengaluru,Karnataka
925,Arjun Kunda,Male,26,Kolkata,West Bengal
926,Imaran Bhardwaj,Male,63,Nagpur,Maharashtra
927,Aachal Bajaj,Female,33,Patna,Bihar
928,Warhi Muni,Female,27,Ahmedabad,Gujarat
929,Aashi Hans,Female,44,Indore,Madhya Pradesh
930,Yashvi Suri,Female,22,Ahmedabad,Gujarat
931,Ansh Chacko,Male,50,Chennai,Tamil Nadu
932,Veda Yadav,Female,41,Kolkata,West Bengal
933,Bhavani Swaminathan,Female,38,Ahmedabad,Gujarat
934,Farhan Pillai,Male,64,Patna,Bihar
935,Anay Suri,Male,47,Kolkata,West Bengal
936,Yasti Oak,Female,22,Patna,Bihar
937,Yahvi Amble,Female,45,Delhi,Delhi
938,Champak Dayal,Male,35,Ahmedabad,Gujarat
939,Chanchal Sodhi,Female,36,Patna,Bihar
940,Omisha Gade,Female,54,Jaipur,Rajasthan
941,Shivansh Sharaf,Male,49,Lucknow,Uttar Pradesh
942,Falak Sagar,Female,61,Goa,Goa
943,Pranit Comar,Male,24,Pune,Maharashtra
944,Abha Varughese,Female,25,Pune,Maharashtra
945,Zaid Luthra,Male,47,Ahmedabad,Gujarat
946,Neel Doshi,Male,30,Chennai,Tamil Nadu
947,Isaiah Bala,Male,59,Goa,Goa
948,Zarna Nagar,Female,35,Nagpur,Maharashtra
949,Joshua Narain,Male,41,Indore,Madhya Pradesh
950,Yashvi Raj,Female,41,Mumbai,Maharashtra
951,Peter Sathe,Male,43,Pune,Maharashtra
952,Garima Bahri,Female,62,Kolkata,West Bengal
953,Ekavir Ahuja,Male,59,Chennai,Tamil Nadu
954,Liam Dubey,Male,24,Kolkata,West Bengal
955,Tarak Sibal,Male,48,Delhi,Delhi
956,Advik Lad,Male,55,Nagpur,Maharashtra
957,Tanay Wali,Male,61,Jaipur,Rajasthan
958,Neha Kota,Female,18,Pune,Maharashtra
959,Ira Dass,Female,25,Patna,Bihar
960,Vrishti Dasgupta,Female,26,Kolkata,West Bengal
961,Radhika Nair,Female,32,Mumbai,Maharashtra
962,Niharika Ahluwalia,Female,64,Mumbai,Maharashtra
963,Advaith Bhardwaj,Male,38,Mumbai,Maharashtra
964,Vasudha Randhawa,Female,37,Goa,Goa
965,Yuvraj Prasad,Male,26,Chennai,Tamil Nadu
966,Qasim Agarwal,Male,51,Mumbai,Maharashtra
967,Hemang Rattan,Male,59,Lucknow,Uttar Pradesh
968,Abhimanyu Sahni,Male,40,Ahmedabad,Gujarat
969,Thomas Datta,Male,65,Indore,Madhya Pradesh
970,Manan Gour,Male,44,Goa,Goa
971,Arunima Saini,Female,31,Patna,Bihar
972,Oliver Uppal,Male,24,Goa,Goa
973,Owen Mitter,Male,25,Surat,Gujarat
974,Yashoda Batta,Female,45,Hyderabad,Telangana
975,Nikita Suresh,Female,26,Surat,Gujarat
976,Aryan Dyal,Male,59,Bengaluru,Karnataka
977,Tristan Raghavan,Male,53,Delhi,Delhi
978,Prisha Trivedi,Female,62,Surat,Gujarat
979,Ekansh Pant,Male,60,Patna,Bihar
980,Aadhya Mukhopadhyay,Female,51,Delhi,Delhi
981,Warinder Chacko,Male,43,Kolkata,West Bengal
982,Sachi Rau,Female,21,Indore,Madhya Pradesh
983,Maanav Swaminathan,Male,42,Ahmedabad,Gujarat
984,Balveer Nagy,Male,49,Delhi,Delhi
985,Gabriel Dhillon,Male,18,Jaipur,Rajasthan
986,Anvi Dar,Female,38,Goa,Goa
987,Banjeet Madan,Male,54,Chennai,Tamil Nadu
988,Oviya Tailor,Female,52,Hyderabad,Telangana
989,Rayaan Sridhar,Male,48,Surat,Gujarat
990,Darpan Dixit,Male,55,Pune,Maharashtra
991,David Som,Male,34,Pune,Maharashtra
992,Gagan Prasad,Male,21,Pune,Maharashtra
993,Upadhriti Gokhale,Female,36,Jaipur,Rajasthan
994,Rajeshri Shan,Female,62,Chennai,Tamil Nadu
995,Gayathri Chaudhary,Female,58,Mumbai,Maharashtra
996,Reyansh Wali,Male,23,Bengaluru,Karnataka
997,Sara Krishnan,Female,50,Mumbai,Maharashtra
998,Chanakya Butala,Male,27,Surat,Gujarat
999,Anamika Uppal,Female,55,Chennai,Tamil Nadu
1000,Jatin Gara,Male,62,Bengaluru,Karnataka
